Mandragora;United Kingdom;Europe
Mandragora;United Kingdom;Europe
Mandragora;United Kingdom;Europe
Mandragora;United Kingdom;Europe
Mandragora;United Kingdom;Europe
Mandragora;United Kingdom;Europe
Mandragora;United Kingdom;Europe
Mandragora;United Kingdom;Europe
Mandragora;United Kingdom;Europe
Mandragora;United Kingdom;Europe
Mandragora;United Kingdom;Europe
Mandragora;United Kingdom;Europe
Mandragora;United Kingdom;Europe
Mandragora;United Kingdom;Europe
Mandragora;United Kingdom;Europe
Mandragora;United Kingdom;Europe
Smoke Sign;United Kingdom;Europe
Pedra Branca;United Kingdom;Europe
Mandragora;United Kingdom;Europe
Mandragora;United Kingdom;Europe
Mandragora;United Kingdom;Europe
Mandragora;United Kingdom;Europe
Mandragora;United Kingdom;Europe
Mandragora;United Kingdom;Europe
Mandragora;United Kingdom;Europe
Mandragora;United Kingdom;Europe
Perplex;United Kingdom;Europe
Mandragora;Germany;Europe
Mandragora;Germany;Europe
Mandragora;Germany;Europe
Mandragora;Germany;Europe
Mandragora;Germany;Europe
Mandragora;Germany;Europe
Mandragora;Germany;Europe
Mandragora;Germany;Europe
Mandragora;United Kingdom;Europe
Mandragora;United Kingdom;Europe
Mandragora;United Kingdom;Europe
Mandragora;United Kingdom;Europe
Mandragora;United Kingdom;Europe
Mandragora;United Kingdom;Europe
Mandragora;United Kingdom;Europe
Mandragora;United Kingdom;Europe
Mandragora;United Kingdom;Europe
