Britta Arnold;Germany;Europe
Gabriel Vitel;Germany;Europe
Enrico Sangiuliano;United Kingdom;Europe
Enrico Sangiuliano;United Kingdom;Europe
Sam Paganini;United Kingdom;Europe
Boris Brejcha;Germany;Europe
Boris Brejcha;Germany;Europe
Amelie Lens;United Kingdom;Europe
Amelie Lens;Germany;Europe
Eternal Basement;Germany;Europe
Solee;Germany;Europe
Ron Flatter;Germany;Europe
Dubfire;Germany;Europe
Kaiserdisco;Germany;Europe
Dubfire;United States of America;North America
Dirty Doering;Germany;Europe
Oliver Huntemann;Germany;Europe
Julian Jeweil;Canada;North America
Ann Clue;Germany;Europe
Victor Ruiz;Germany;Europe
Oliver Schories;Germany;Europe
Boris Brejcha;Germany;Europe
Rodriguez Jr.;Germany;Europe
Dole & Kom;Germany;Europe
Julian Jeweil;United Kingdom;Europe
Ann Clue;Germany;Europe
Charlotte de Witte;Canada;North America
Boris Brejcha;Germany;Europe
Amelie Lens;United Kingdom;Europe
N'to;France;Europe
Boris Brejcha;Germany;Europe
Oliver Schories;Germany;Europe
Boris Brejcha;Germany;Europe
Alex Stein;Italy;Europe
Victor Ruiz & Alex Stein;Germany;Europe
AKA AKA;Germany;Europe
Adam Beyer;United Kingdom;Europe
Sam Paganini;Germany;Europe
Victor Ruiz;Germany;Europe
Extrawelt;Germany;Europe
Victor Ruiz;Germany;Europe
Icicle;United Kingdom;Europe
Maksim Dark;United States of America;North America
Andreas Henneberg;France;Europe
Boris Brejcha;Germany;Europe
Dusty Kid;Italy;Europe
Spektre;United Kingdom;Europe
Worakls;Germany;Europe
Len Faki;Germany;Europe
Pleasurekraft;United States of America;North America
Funkin Matt;missing;missing
Dustycloud;United States of America;North America
Addison Groove;United States of America;North America
Ellen Allien;Germany;Europe
Juliet Fox;United Kingdom;Europe
Julian Jeweil;France;Europe
Marascia;Italy;Europe
Dusty Kid;Italy;Europe
Oliver Huntemann;Germany;Europe
Boris Brejcha;Germany;Europe
Florian Meindl feat. Ricardo Phillips;Italy;Europe
Andreas Henneberg;Germany;Europe
Boris Brejcha;Germany;Europe
Victor Ruiz;Germany;Europe
Alex Stein;United Kingdom;Europe
Nuno Lisboa;Canada;North America
DJ Seinfeld;United Kingdom;Europe
Adam Beyer;United Kingdom;Europe
Patricia;United States of America;North America
Hermanez;United Kingdom;Europe
Andreas Henneberg;Germany;Europe
Boris Brejcha;Germany;Europe
Victor Ruiz;United Kingdom;Europe
Ron Flatter;Germany;Europe
Paul Kalkbrenner;Germany;Europe
Pan-Pot;Germany;Europe
Pan-Pot;Germany;Europe
Pan-Pot;Germany;Europe
Pan-Pot;Germany;Europe
Ellen Allien;Germany;Europe
Charlotte de Witte;United Kingdom;Europe
Dense & Pika;United Kingdom;Europe
Hidden Empire;Spain;Europe
Felix Bernhardt;Germany;Europe
Hobo;Germany;Europe
Ramiro Lopez;United Kingdom;Europe
Alan Fitzpatrick;missing;missing
Anja Schneider;missing;missing
Occer;United States of America;North America
Boris Brejcha;Germany;Europe
Egbert;United Kingdom;Europe
Layton Giordani;United Kingdom;Europe
Luigi Madonna;Germany;Europe
Luigi Madonna;United Kingdom;Europe
Luigi Madonna;Germany;Europe
Enrico Sangiuliano;United Kingdom;Europe
Alan Fitzpatrick;missing;missing
Victor Ruiz;Italy;Europe
Luigi Madonna;United Kingdom;Europe
UMEK;Slovenia;Europe
Thomas Schumacher;Germany;Europe
Ramiro Lopez;missing;missing
Coyu;United Kingdom;Europe
Koen Groeneveld;United Kingdom;Europe
Spektre;United Kingdom;Europe
Boris Brejcha;Germany;Europe
Enrico Sangiuliano;United Kingdom;Europe
Victor Ruiz;Germany;Europe
Daniel Steinberg;Germany;Europe
Dubfire;United States of America;North America
Pan-Pot;Germany;Europe
Shadow Child;United Kingdom;Europe
Boris Brejcha;Germany;Europe
Acado;Germany;Europe
Chris Lorenzo;missing;missing
Sidney Charles;United Kingdom;Europe
Boris Brejcha;Germany;Europe
Ellen Alien;France;Europe
Jay Lumen;Netherlands;Europe
Dark Sky;Germany;Europe
Stephan Bodzin;Germany;Europe
Tale Of Us;Germany;Europe
Art Department;United Kingdom;Europe
Dr.Oscillator;United Kingdom;Europe
Skapes;United Kingdom;Europe
Maximono;France;Europe
Enrico Sangiuliano;United Kingdom;Europe
Jan Blomqvist;Netherlands;Europe
Randomer;United Kingdom;Europe
Popof;missing;missing
Secret Cinema;United Kingdom;Europe
Enrico Sangiuliano;United Kingdom;Europe
Enrico Sangiuliano;Germany;Europe
Secret Cinema;Germany;Europe
Dosem;Spain;Europe
Super Flu;Germany;Europe
Maceo Plex;United Kingdom;Europe
Maceo Plex;United Kingdom;Europe
Amelie Lens;Germany;Europe
Andreas Henneberg;Germany;Europe
Serge Devant;United Kingdom;Europe
Dandi & Ugo;Italy;Europe
Klanglos;Germany;Europe
Ben Dust;Germany;Europe
Soleeman;United Kingdom;Europe
Teho;Germany;Europe
Julian Jeweil;France;Europe
Matador;France;Europe
Bart Skils;United Kingdom;Europe
Mind Against;United Kingdom;Europe
Recondite;Germany;Europe
Joi Cardwell;France;Europe
Harvey McKay;United Kingdom;Europe
Dandi & Ugo;Canada;North America
Min & Mal;Germany;Europe
Maksim Dark;Germany;Europe
Cosmic Boys;United Kingdom;Europe
S.Y.N.O.;Greece;Europe
LOthief;missing;missing
Ferdinand Dreyssig;Germany;Europe
Victor Ruiz;Germany;Europe
Siro;Turks and Caicos Islands;North America
Karnage;missing;missing
N O M I N A L;Germany;Europe
Nils Ohrmann;Germany;Europe
HVOB;Germany;Europe
Milkwish;Italy;Europe
Nodey;France;Europe
Dusty Kid;Italy;Europe
Jon Bovi;United Kingdom;Europe
UMEK;United Kingdom;Europe
Orkestrated;Canada;North America
Min & Mal;Italy;Europe
Min & Mal;Italy;Europe
Duane Bartolo;United Kingdom;Europe
Robert Babicz;Germany;Europe
Chunda Munki;United Kingdom;Europe
Township Rebellion;Germany;Europe
You Man;France;Europe
Abel Neisan;United Kingdom;Europe
2Loud;Italy;Europe
Curry & Krawall;Germany;Europe
Klanglos;Germany;Europe
Hot Cue;missing;missing
Ivy Lab;missing;missing
KAS:ST;Turks and Caicos Islands;North America
Rey & Kjavik;Germany;Europe
Daniel Avery;United Kingdom;Europe
Rey & Kjavik;Germany;Europe
Moscoman;Germany;Europe
Pavel Petrov;Bulgaria;Europe
Format:B;United Kingdom;Europe
Boris Brejcha;Germany;Europe
Guille Placencia;Germany;Europe
Andreas Henneberg;Germany;Europe
DWIG;Germany;Europe
Deniz Bul;Germany;Europe
Ante Perry;Germany;Europe
Rob Viktum;Turks and Caicos Islands;North America
Heinrichs & Hirtenfellner;Germany;Europe
Jus Deelax;missing;missing
Euføeni;missing;missing
Cabaret Nocturne;United Kingdom;Europe
The Dø;United Kingdom;Europe
Sumiruna;United States of America;North America
Whitebear;Denmark;Europe
Smilla;Germany;Europe
Vaal;United Kingdom;Europe
V.I.V.E.K;United States of America;North America
