Natural Striptease;Britta Arnold;Natural Striptease EP;7;07;DESH41500189;Europe;Germany
New New World;Gabriel Vitel;New New World;6;04;DEZ651709077;Europe;Germany
Moon Rocks;Enrico Sangiuliano;Moon Rocks;7;33;GBUR61600097;Europe;United Kingdom
Astral Projection;Enrico Sangiuliano;Astral Projection;8;04;GBUR61700084;Europe;United Kingdom
Rave;Sam Paganini;Satellite;6;46;GBUR61200238;Europe;United Kingdom
Lost Memory;Boris Brejcha;Lost Memory;7;43;DEAZ30805308;Europe;Germany
Dark Planet;Boris Brejcha;Feuerfalter Special Edition;8;33;DEAZ31305734;Europe;Germany
In Silence;Amelie Lens;A-Sides, Vol. 6;6;34;GBUR61700104;Europe;United Kingdom
Drift;Amelie Lens;Contradiction - EP;6;38;DESR41700115;Europe;Germany
Taking Place in You - 2012 Remix;Eternal Basement;Non Stop Techno Collection, Vol. 3;8;54;DEAZ31205654;Europe;Germany
Phoenix - Unique Repeat Remix;Solee;Phoenix (Remixes);8;27;DEH741413454;Europe;Germany
Desert (Cosmic Cowboys Mirage Mix);Ron Flatter;Desert EP;6;60;DEBW21400270;Europe;Germany
Fuego - Julian Jeweil Remix;Dubfire;Retrospectivo 2008 - 2016;6;32;DEL021602014;Europe;Germany
Trinity - Original Mix;Kaiserdisco;Trinity EP;7;20;DEKB71459346;Europe;Germany
Roadkill;Dubfire;HYBRID: A Decade Of Dubfire;8;16;USYLM0700101;North America;United States of America
Ding Dong - Original Mix;Dirty Doering;Ding Dong EP;5;09;DESH41400041;Europe;Germany
Poltergeist;Oliver Huntemann;Propaganda;7;55;DEL021702013;Europe;Germany
Tournicoti - Original Mix;Julian Jeweil;Babou;6;34;CAM261080003;North America;Canada
Roadtrip;Ann Clue;Acid Attack;8;13;DEKB71556074;Europe;Germany
Serpens;Victor Ruiz;Draco / Serpens;6;55;DENC31200365;Europe;Germany
Marin;Oliver Schories;Relatively Definitely;7;12;DEH741603263;Europe;Germany
White Rainbow;Boris Brejcha;22;8;13;DEKB71534062;Europe;Germany
Chain Reaction;Rodriguez Jr.;Chain Reaction;7;19;DECL11200814;Europe;Germany
Quetschkommode - Mollono.Bass Remix;Dole & Kom;Darze;7;42;DECH61200231;Europe;Germany
Orbit - Original Mix;Julian Jeweil;A Sides, Pt. 1;6;27;GBKQU1666491;Europe;United Kingdom
Acid Attack;Ann Clue;Acid Attack;7;43;DEKB71556073;Europe;Germany
Sehnsucht;Charlotte de Witte;Sehnsucht;7;35;CAT391600021;North America;Canada
I AM THE JOKER - Original Mix;Boris Brejcha;I AM THE JOKER;8;17;DEKB71451939;Europe;Germany
Forced To Move;Amelie Lens;Nel EP;6;35;GBKQU1711872;Europe;United Kingdom
1825;N'to;1825;8;16;FR10S1418430;Europe;France
Streets Of Gold;Boris Brejcha;22;7;27;DEKB71534063;Europe;Germany
Barac;Oliver Schories;Relatively Definitely;6;16;DEH741603265;Europe;Germany
R U FCKNG SERIOUS - Remix Ann Clue;Boris Brejcha;R U FCKNG SERIOUS;7;00;DEKB71439676;Europe;Germany
Control - Victor Ruiz remix;Alex Stein;Control;7;25;ITH641487411;Europe;Italy
Generation;Victor Ruiz & Alex Stein;Generation;6;52;DEBH21200018;Europe;Germany
First Contact;AKA AKA;Connected;6;33;DECY51524402;Europe;Germany
Going Down;Adam Beyer;Going Down;6;57;GBUR61600131;Europe;United Kingdom
Hypnotize;Sam Paganini;Hypnotize;6;36;DEH741709283;Europe;Germany
Tumbleweed;Victor Ruiz;Soulforce;8;45;DENC31700050;Europe;Germany
Hail The Whale - Original;Extrawelt;Blackout;5;01;DEQ201701679;Europe;Germany
Easy Riders;Victor Ruiz;Lucky Strike;7;30;DET751300067;Europe;Germany
Arrows;Icicle;Under the Ice;4;07;GBPWR1100126;Europe;United Kingdom
Groovy Filth - Original Mix;Maksim Dark;Groovy Filth;7;02;USLZJ1778418;North America;United States of America
Watch What;Andreas Henneberg;Ocai;7;21;FR6V82402515;Europe;France
Maximum Overdrive;Boris Brejcha;Space Gremlin;9;42;DEKB71576093;Europe;Germany
Sysma - Original Mix;Dusty Kid;Kéia EP;7;21;ITK771700002;Europe;Italy
Cirrus;Spektre;Cirrus;6;33;GBKQU1764582;Europe;United Kingdom
Pandemonium;Worakls;Mellotron;6;25;DEAA21600014;Europe;Germany
My Black Sheep - Matrixxman Isolation Mix;Len Faki;My Black Sheep 10Y Anniversary Mixes;6;27;DETB31792904;Europe;Germany
Tarantula - 7 Year Itch Rework;Pleasurekraft;Tarantula (7 Year Itch Rework);7;49;US7NS1700005;North America;United States of America
America;Funkin Matt;Fool’s Gold Clubhouse Vol. 4;4;15;QMSDU1400138;missing;missing
Lifted;Dustycloud;Alchemy 2;5;05;USLD91710837;North America;United States of America
WATP 2;Addison Groove;Where Are the People;4;38;USQY51774820;North America;United States of America
Jet;Ellen Allien;Orchestra of Bubbles;6;34;DEAE60600548;Europe;Germany
6AM - Original Mix;Juliet Fox;6AM;6;27;GBJAJ1700708;Europe;United Kingdom
Myli;Julian Jeweil;Destination;6;22;FR2X41676381;Europe;France
Black Hole - Ultimate Mix;Marascia;Black Hole;7;04;ITO901700008;Europe;Italy
Milk (Jacky 0 Remix);Dusty Kid;Milk (Remixes);7;54;ITK771700007;Europe;Italy
Taktik;Oliver Huntemann;Propaganda;6;39;DEL021702012;Europe;Germany
Schattenmönch;Boris Brejcha;22;6;57;DEKB71534061;Europe;Germany
Desert Times - Boris Brejcha Remix;Florian Meindl feat. Ricardo Phillips;Desert Times EP;7;29;IT00G1100411;Europe;Italy
Waiting in the Weeds;Andreas Henneberg;Mountain;7;16;DENM91000107;Europe;Germany
Vanilla Sky;Boris Brejcha;DJ Mixes Single Tracks;6;41;DEKB71568378;Europe;Germany
Lucky Strike;Victor Ruiz;Lucky Strike;7;19;DET751300066;Europe;Germany
Get Down;Alex Stein;Get Down;6;13;GB-SMU-37-15552;Europe;United Kingdom
Triggered;Nuno Lisboa;Triggered EP;6;54;CA5KR1535692;North America;Canada
Ruff Hysteria;DJ Seinfeld;Ruff Hysteria;6;00;GBQLP1700339;Europe;United Kingdom
Preset Heaven;Adam Beyer;A-Sides, Vol. 6;8;15;GBUR61700090;Europe;United Kingdom
Shiba Inu Dub;Patricia;Several Shades of the Same Color;7;27;US2J71713810;North America;United States of America
TAO - Original Mix;Hermanez;Fabel EP;6;21;GBENT1440049;Europe;United Kingdom
Skirmish - Original Mix;Andreas Henneberg;Driss EP;7;06;DEY470940505;Europe;Germany
EVERYBODY WANTS TO GO TO HEAVEN REMIXES - Remix Victor Ruiz;Boris Brejcha;EVERYBODY WANTS TO GO TO HEAVEN - REMIXES;6;24;DEKB71449807;Europe;Germany
KlingKlip - Original Mix;Victor Ruiz;Jaws EP;7;27;GBKQU1697651;Europe;United Kingdom
Nofalia;Ron Flatter;Nofalia EP;7;35;DESH41700245;Europe;Germany
Aaron;Paul Kalkbrenner;Berlin Calling (The Soundtrack by Paul Kalkbrenner);5;54;DENZ71300059;Europe;Germany
Sleepless - Stephan Bodzin Remix;Pan-Pot;The Other Remixes;9;00;DESR41400052;Europe;Germany
Fugitives - Joseph Capriati Remix;Pan-Pot;The Other Remixes;8;49;DESR41400056;Europe;Germany
Riot - Carl Cox Remix;Pan-Pot;The Other Remixes;5;35;DESR41400054;Europe;Germany
Captain My Captain;Pan-Pot;Totally Mobilee - Pan-Pot Collection, Vol. 1;8;18;DECL11000305;Europe;Germany
Stormy Memories;Ellen Allien;Nost;8;03;DEAE61700017;Europe;Germany
Wisdom;Charlotte de Witte;Wisdom EP;6;48;GBKQU1751920;Europe;United Kingdom
Little Sun;Dense & Pika;Suki;6;58;GBUR61700087;Europe;United Kingdom
First Bastion - Original Mix;Hidden Empire;Binär Mieze EP;6;21;ES84B1710125;Europe;Spain
Magic Nuts;Felix Bernhardt;Magic Nuts;6;27;DEAR41751769;Europe;Germany
Sentinel - Ambivalent Remix;Hobo;Rock the Disco;5;59;DEKB71629782;Europe;Germany
Being Alone;Ramiro Lopez;Being Alone;6;36;GBUR61700121;Europe;United Kingdom
They All Called 'Em Garys;Alan Fitzpatrick;They All Called 'Em Garys;6;51;UKGGD1700011;missing;missing
All I See - Radio Edit;Anja Schneider;All I See (Radio Edit);3;32;UKLZW1700010;missing;missing
Peacemaker;Occer;Small Talk Series, Vol. 11;7;10;USQY51789230;North America;United States of America
Rock That Shit;Boris Brejcha;DJ Mixes Single Tracks;7;27;DEKB71568375;Europe;Germany
Elektriciteit - Original Mix;Egbert;Wild EP;7;38;GBKQU1697646;Europe;United Kingdom
Fire Eyes;Layton Giordani;Where It Begins;6;58;GBUR61700043;Europe;United Kingdom
Midfield;Luigi Madonna;Midfield EP;7;29;DESR41700145;Europe;Germany
Unconditional Beauty;Luigi Madonna;Background;6;32;GBUR61200278;Europe;United Kingdom
Dark Soul;Luigi Madonna;Midfield EP;6;41;DESR41700147;Europe;Germany
Ghettoblaster;Enrico Sangiuliano;Moon Rocks;6;49;GBUR61600098;Europe;United Kingdom
We Do What We Want;Alan Fitzpatrick;We Do What We Want;8;26;UKGGD0600001;missing;missing
Wait and Think;Victor Ruiz;Time;7;10;ITH641056791;Europe;Italy
I Believe;Luigi Madonna;Primo;6;51;GBUR61200120;Europe;United Kingdom
Squadmates - Kostas Maskalides Remix;UMEK;Squadmates (Remixes) - Single;7;09;SIB151700005;Europe;Slovenia
Dances on Wood;Thomas Schumacher;Dances On Wood / Wake Up;8;00;DENC31800023;Europe;Germany
Twisted - Pleasurekraft Remix;Ramiro Lopez;Nagelbett;7;31;UKACT1780475;missing;missing
My Head Is On Fire;Coyu;My Head Is On Fire;6;35;GBKQU1766334;Europe;United Kingdom
Lockheat;Koen Groeneveld;Lockheat;3;50;GBLV61712328;Europe;United Kingdom
Fade Into You - Original Mix;Spektre;Fade Into You;7;30;GBKQU1473923;Europe;United Kingdom
Bleeding Heart;Boris Brejcha;Bleeding Heart;8;21;DEKB71614374;Europe;Germany
Start of Madness;Enrico Sangiuliano;A-Sides, Vol. 5 (20 Years 20 Tracks);7;18;GBUR61600077;Europe;United Kingdom
Take a Nap - Victor Ruiz Torn Mix;Victor Ruiz;Dark Weapons Vol. 1;8;31;DEH741003731;Europe;Germany
Rush Me - Original Mix;Daniel Steinberg;Rush Me;7;08;DEMI30900004;Europe;Germany
Rabid - Maksim Dark Remix;Dubfire;Dust Devil;6;47;USYLM1700023;North America;United States of America
Substance;Pan-Pot;Grey Matter;7;20;DESR41400008;Europe;Germany
Mr Speaker;Shadow Child;Collected;4;56;GBDLM1300283;Europe;United Kingdom
Fubbes;Boris Brejcha;DJ Mixes Single Tracks;7;58;DEKB71568367;Europe;Germany
Bergwerk;Acado;Bergwerk;8;21;DEKB20800208;Europe;Germany
Come Down;Chris Lorenzo;Come Down;3;48;UKHEZ1600005;missing;missing
Warehouse Anthem;Sidney Charles;Going Down;7;16;GB5LN1300248;Europe;United Kingdom
It Start´s;Boris Brejcha;22;7;58;DEKB71534059;Europe;Germany
House Music;Ellen Alien;House Music;4;32;FR96X1708976;Europe;France
LondON - Original Mix;Jay Lumen;LondON EP;7;52;NLR341010246;Europe;Netherlands
Shades;Dark Sky;Myriam;8;08;DEOE81220091;Europe;Germany
Powers of Ten - Maceo Plex & Shall Ocin Remix;Stephan Bodzin;Powers of Ten (Remixes);6;30;DET751500021;Europe;Germany
Monument;Tale Of Us;Monument;6;01;DEEC31750026;Europe;Germany
Without You - Original Mix;Art Department;The Drawing Board;5;16;GB7NR1114205;Europe;United Kingdom
Cocaine - Original Mix;Dr.Oscillator;Dr Who? Ep;3;34;GB4R71400020;Europe;United Kingdom
Supersonic - Kyle Watson Remix;Skapes;Supersonic;4;15;GBLV61710122;Europe;United Kingdom
A$$ Crack;Maximono;Billy Kenny Selections;4;45;FR96X1698202;Europe;France
Hidden T;Enrico Sangiuliano;Biomorph;7;49;GBUR61700217;Europe;United Kingdom
Our Broken Mind Embassy - Boris Brejcha Remix;Jan Blomqvist;Our Broken Mind Embassy (Boris Brejcha Remix);7;40;NLF711806855;Europe;Netherlands
Bring;Randomer;Bring / Curtains;4;55;GBYYA1300082;Europe;United Kingdom
Confusion - Original;Popof;Confusion EP;7;21;UK7FL1800126;missing;missing
Maximaal;Secret Cinema;A-Sides, Vol. 5 (20 Years 20 Tracks);8;45;GBUR61600082;Europe;United Kingdom
Trrbulence;Enrico Sangiuliano;A-Sides, Vol. 3;7;58;GBUR61500052;Europe;United Kingdom
Alone With The Bitch;Enrico Sangiuliano;Alone in this Place EP;7;18;DECY51557421;Europe;Germany
I Can Feel It Rising;Secret Cinema;I Can Feel It Rising EP;7;39;DECY51757531;Europe;Germany
Replicants - Edu Imbernon & Coyu Remix;Dosem;Replicants;7;40;ES84B1210009;Europe;Spain
mygut - Solomun Remix;Super Flu;mygut (Solomun Remix);8;22;DET751700025;Europe;Germany
Conjure Balearia;Maceo Plex;Conjure One;8;19;GB7M21418003;Europe;United Kingdom
Solitary Daze;Maceo Plex;Solitary Daze;7;43;GB7M21425001;Europe;United Kingdom
Follow;Amelie Lens;Stay With Me;5;38;DESR41700154;Europe;Germany
Clouds;Andreas Henneberg;Clouds;6;07;DEY471810075;Europe;Germany
Fearing Love - Club Mix;Serge Devant;Fearing Love;7;29;GBK6Y1501401;Europe;United Kingdom
Bantan;Dandi & Ugo;Stop The Bee;7;37;ITU220900401;Europe;Italy
Acid Trip;Klanglos;Rise & Fall;9;11;DEAR41782082;Europe;Germany
Homeless;Ben Dust;Homeless;7;42;DEAR41626600;Europe;Germany
Into The Deep - Original Mix;Soleeman;Equinox;8;13;GBKQU1639299;Europe;United Kingdom
Kabuki;Teho;Koto Ep;6;60;DET751400042;Europe;Germany
Destination;Julian Jeweil;Destination;6;39;FR2X41676380;Europe;France
Itajai;Matador;Air;6;44;FR2X41848613;Europe;France
Shadowprint;Bart Skils;Shadowprint;8;00;GBUR61200201;Europe;United Kingdom
Elysium;Mind Against;Elysium / Pulsar;8;43;GBHQT1500016;Europe;United Kingdom
Buteo;Recondite;Iffy;5;54;DEEC31400028;Europe;Germany
Love Somebody Else - Maceo Plex & John Dasilva Mix;Joi Cardwell;The Art of Being;8;20;FR6V82655464;Europe;France
Silk Road;Harvey McKay;The Illusion of Control;7;45;GBUR61200141;Europe;United Kingdom
Nice & Love - Gene Karz & Lesia Karz Remix;Dandi & Ugo;Nice & Love;6;19;CA5KR1524855;North America;Canada
Central - Mauro Frisari & Stefano Cassisi Remix;Min & Mal;Central;7;03;DEBL60836537;Europe;Germany
Attack Disco;Maksim Dark;Movement;7;15;DEL021802014;Europe;Germany
Strange Attack;Cosmic Boys;Strange Attack;6;13;GBKQU1773429;Europe;United Kingdom
Licht & Farben;S.Y.N.O.;Licht & Farben;6;18;GRKM11600222;Europe;Greece
Deep Inside;LOthief;Deep Inside;4;59;QM42K1783691;missing;missing
Coeur De La Nuit - Worakls Remix;Ferdinand Dreyssig;Coeur De La Nuit;9;18;DEAW11400347;Europe;Germany
Interstellar;Victor Ruiz;Interstellar EP;7;50;DEBH21500009;Europe;Germany
Xinspiratio;Siro;Xinspiratio;4;09;TCADI1736176;North America;Turks and Caicos Islands
Model 29;Karnage;ENC007;5;14;UKG4D1600072;missing;missing
Everyday Everyone;N O M I N A L;Everyday Anyone;3;51;DEKB71655980;Europe;Germany
In Ya Face - Original Mix;Nils Ohrmann;Tumbleweed EP;6;38;DECY51252051;Europe;Germany
Azrael;HVOB;Trialog;7;35;DEAF71656466;Europe;Germany
Relajate - AKA AKA & Thalstroem Remix;Milkwish;Relajate;6;30;ITZN61200086;Europe;Italy
Tyra Banks;Nodey;Atrahasis;3;52;FR26V1551579;Europe;France
Kore;Dusty Kid;Anatome EP Vol.1;9;20;ITK770700008;Europe;Italy
Mick & Rorty;Jon Bovi;Wad Morld;6;41;GBKQU1727597;Europe;United Kingdom
Amnesiac;UMEK;Amnesiac;6;10;GBKQU1859814;Europe;United Kingdom
Venom;Orkestrated;Venom;4;02;CA5KR1557019;North America;Canada
Violin - Original Mix;Min & Mal;Violin;5;38;ITD451600120;Europe;Italy
On Your Side - ASCO Radio Edit;Min & Mal;On Your Side (ASCO Radio Edit);2;52;IT0J21800078;Europe;Italy
Good For You - Minimal Men Remix;Duane Bartolo;Good For You;4;30;GBKQU1517271;Europe;United Kingdom
Darkflower - Fever Mix;Robert Babicz;Immortal Changes;7;40;DEL020950012;Europe;Germany
Sweet Dreams;Chunda Munki;Interference;6;11;GBKQU1747777;Europe;United Kingdom
Pelikan;Township Rebellion;Pelikan;6;34;DEY471613117;Europe;Germany
Birdcage;You Man;Restless;5;39;FR6V82026150;Europe;France
My Name Is Cocaine - Original mix;Abel Neisan;Minimal Fantasy;5;56;GBWUL1802314;Europe;United Kingdom
Aero;2Loud;Elements;7;34;ITU221300071;Europe;Italy
Under The Sun;Curry & Krawall;Under The Sun;6;42;DEY470939957;Europe;Germany
Buddha on Acid;Klanglos;Rise & Fall;8;11;DEAR41798600;Europe;Germany
Moon;Hot Cue;Callisto;4;32;uscgh1797573;missing;missing
Berlusconi;Ivy Lab;Fortuna EP;3;21;UKCTU1600406;missing;missing
Hell On Earth;KAS:ST;Hell On Earth;6;28;TCADY1814956;North America;Turks and Caicos Islands
Baba City - Rkadash Version;Rey & Kjavik;Baba City (Remixes);8;27;DEMW61700001;Europe;Germany
Quick Eternity - Four Tet Remix;Daniel Avery;Quick Eternity (Four Tet Remix);9;22;GBTZZ1800011;Europe;United Kingdom
Saraswati - Tuff City Kids Remix;Rey & Kjavik;Rkadash (Remixes);8;10;DEMW61800002;Europe;Germany
Dévoué - Manfredas Remix;Moscoman;Dévoué EP;6;28;DEPL91583044;Europe;Germany
Ayahuasca;Pavel Petrov;Breath;7;05;BGA691600075;Europe;Bulgaria
Chunky;Format:B;Chunky;2;38;GBCEN1500880;Europe;United Kingdom
Turn Over;Boris Brejcha;22;8;52;DEKB71534072;Europe;Germany
Something;Guille Placencia;What a Bam;6;50;DEH741716721;Europe;Germany
Checkboxes;Andreas Henneberg;SEVENTEEN;6;50;DENM91700012;Europe;Germany
Orange Evening;DWIG;Big Tales;7;11;DEH741409475;Europe;Germany
Killing You Softly;Deniz Bul;Take Off;7;41;DEKB71565708;Europe;Germany
Hildegard;Ante Perry;Hildegard;7;10;DESH41800299;Europe;Germany
Siem Pang;Rob Viktum;Progress;3;32;TCABT1485731;North America;Turks and Caicos Islands
trauriger sonntag - Alfred Heinrichs Remix;Heinrichs & Hirtenfellner;IREMIX;6;37;DEHB41700059;Europe;Germany
Baileys;Jus Deelax;Baileys;5;31;QM42K1776867;missing;missing
Hard To Find;Euføeni;Hard To Find;4;20;QM24S1824199;missing;missing
Green Karma - Original Mix;Cabaret Nocturne;Dance Or Die;5;40;GBKQU1685740;Europe;United Kingdom
Slippery Slope (Vitalic Remix);The Dø;Both Ways Open Jaws (Extended) [Live At Studio Pigalle] [Bonus Version];3;58;GBV3T1110018;Europe;United Kingdom
Bodha;Sumiruna;Vlchemic Trvnsmutvtion;9;43;USA2P1561986;North America;United States of America
Bardo;Whitebear;The Clear Path (Compiled by Desert Dwellers);6;31;DKZVA1661051;Europe;Denmark
Play - Worakls Remix;Smilla;Tagtraum;6;33;DEAZ31205687;Europe;Germany
Mask;Vaal;Mask;5;17;GBBN41200001;Europe;United Kingdom
Namaste;V.I.V.E.K;Namaste / 94';4;34;USA2P1847791;North America;United States of America
