Center Of The Universe;Mandragora;Disc 1;6;12;GBKQU1873054;Europe;United Kingdom
No ID;Mandragora;Disc 1;3;19;GBKQU1873055;Europe;United Kingdom
All The Time;Mandragora;Disc 1;3;43;GBKQU1873056;Europe;United Kingdom
Album Mode;Mandragora;Disc 1;5;08;GBKQU1873057;Europe;United Kingdom
Codeine;Mandragora;Disc 1;5;29;GBKQU1873058;Europe;United Kingdom
Fake Acid;Mandragora;Disc 1;6;23;GBKQU1873059;Europe;United Kingdom
Indio;Mandragora;Disc 1;4;46;GBKQU1873060;Europe;United Kingdom
Eyes;Mandragora;Disc 1;4;01;GBKQU1873061;Europe;United Kingdom
Bola De Good;Mandragora;Disc 1;4;42;GBKQU1873062;Europe;United Kingdom
Burn It Down;Mandragora;Disc 2;5;13;GBKQU1876821;Europe;United Kingdom
Enjoadinha;Mandragora;Disc 2;4;23;GBKQU1876822;Europe;United Kingdom
Feel Alive;Mandragora;Disc 2;5;02;GBKQU1876823;Europe;United Kingdom
Get Away;Mandragora;Disc 2;4;00;GBKQU1876824;Europe;United Kingdom
It Might Have Been;Mandragora;Disc 2;3;56;GBKQU1876825;Europe;United Kingdom
Special Treatment;Mandragora;Disc 2;4;20;GBKQU1876826;Europe;United Kingdom
Jim Carrey;Mandragora;Disc 2;6;12;GBKQU1876827;Europe;United Kingdom
The Rift - Mandragora Remix;Smoke Sign;Disc 2;5;00;GBKQU1876828;Europe;United Kingdom
Novo Testamento - Mandragora Remix;Pedra Branca;Disc 2;5;16;GBKQU1876829;Europe;United Kingdom
Drama;Mandragora;Disc 3;3;22;GBKQU1879523;Europe;United Kingdom
Happening Right Now;Mandragora;Disc 3;3;39;GBKQU1879524;Europe;United Kingdom
Fantastic;Mandragora;Disc 3;3;39;GBKQU1879525;Europe;United Kingdom
Church of Stones;Mandragora;Disc 3;5;57;GBKQU1879526;Europe;United Kingdom
Spaguetti;Mandragora;Disc 3;4;21;GBKQU1879527;Europe;United Kingdom
Limonada;Mandragora;Disc 3;2;58;GBKQU1879528;Europe;United Kingdom
Just Fucking;Mandragora;Disc 3;2;28;GBKQU1879529;Europe;United Kingdom
Dripping Walls;Mandragora;Disc 3;5;14;GBKQU1879530;Europe;United Kingdom
Toys - Mandragora Remix;Perplex;Disc 3;3;44;GBKQU1879531;Europe;United Kingdom
The First Mission;Mandragora;Future 2012;7;30;DEKC41800049;Europe;Germany
We Need Revolution;Mandragora;Future 2012;8;11;DEKC41800050;Europe;Germany
Illuminati Shit;Mandragora;Future 2012;6;28;DEKC41800051;Europe;Germany
Everyone Copies;Mandragora;Future 2012;8;04;DEKC41800052;Europe;Germany
Bad LSD Trip;Mandragora;Future 2012;5;55;DEKC41800053;Europe;Germany
NN02;Mandragora;Future 2012;3;53;DEKC41800054;Europe;Germany
Easy;Mandragora;Future 2012;8;25;DEKC41800055;Europe;Germany
Killing It;Mandragora;Future 2012;5;06;DEKC41800056;Europe;Germany
You Don't Know;Mandragora;Summer Futureprog Mixtape 2017;4;41;GBKQU1765375;Europe;United Kingdom
Don't Give Up;Mandragora;Summer Futureprog Mixtape 2017;3;48;GBKQU1765376;Europe;United Kingdom
Tell Me;Mandragora;Summer Futureprog Mixtape 2017;4;03;GBKQU1765377;Europe;United Kingdom
Pretty Baby;Mandragora;Summer Futureprog Mixtape 2017;4;58;GBKQU1765378;Europe;United Kingdom
Call It What You Want;Mandragora;Summer Futureprog Mixtape 2017;4;38;GBKQU1765379;Europe;United Kingdom
Issues;Mandragora;Summer Futureprog Mixtape 2017;4;05;GBKQU1765380;Europe;United Kingdom
Flow;Mandragora;Summer Futureprog Mixtape 2017;4;52;GBKQU1765381;Europe;United Kingdom
Believe;Mandragora;Summer Futureprog Mixtape 2017;5;10;GBKQU1765382;Europe;United Kingdom
Summer Futureprog Mixtape 2017 - Continuous DJ Mix;Mandragora;Summer Futureprog Mixtape 2017;36;15;GBKQU1765383;Europe;United Kingdom
