Center Of The Universe;Mandragora;Disc 1;6;12;GBKQU1873054;United Kingdom
No ID;Mandragora;Disc 1;3;19;GBKQU1873055;United Kingdom
All The Time;Mandragora;Disc 1;3;43;GBKQU1873056;United Kingdom
Album Mode;Mandragora;Disc 1;5;08;GBKQU1873057;United Kingdom
Codeine;Mandragora;Disc 1;5;29;GBKQU1873058;United Kingdom
Fake Acid;Mandragora;Disc 1;6;23;GBKQU1873059;United Kingdom
Indio;Mandragora;Disc 1;4;46;GBKQU1873060;United Kingdom
Eyes;Mandragora;Disc 1;4;01;GBKQU1873061;United Kingdom
Bola De Good;Mandragora;Disc 1;4;42;GBKQU1873062;United Kingdom
Burn It Down;Mandragora;Disc 2;5;13;GBKQU1876821;United Kingdom
Enjoadinha;Mandragora;Disc 2;4;23;GBKQU1876822;United Kingdom
Feel Alive;Mandragora;Disc 2;5;02;GBKQU1876823;United Kingdom
Get Away;Mandragora;Disc 2;4;00;GBKQU1876824;United Kingdom
It Might Have Been;Mandragora;Disc 2;3;56;GBKQU1876825;United Kingdom
Special Treatment;Mandragora;Disc 2;4;20;GBKQU1876826;United Kingdom
Jim Carrey;Mandragora;Disc 2;6;12;GBKQU1876827;United Kingdom
The Rift - Mandragora Remix;Smoke Sign;Disc 2;5;00;GBKQU1876828;United Kingdom
Novo Testamento - Mandragora Remix;Pedra Branca;Disc 2;5;16;GBKQU1876829;United Kingdom
Drama;Mandragora;Disc 3;3;22;GBKQU1879523;United Kingdom
Happening Right Now;Mandragora;Disc 3;3;39;GBKQU1879524;United Kingdom
Fantastic;Mandragora;Disc 3;3;39;GBKQU1879525;United Kingdom
Church of Stones;Mandragora;Disc 3;5;57;GBKQU1879526;United Kingdom
Spaguetti;Mandragora;Disc 3;4;21;GBKQU1879527;United Kingdom
Limonada;Mandragora;Disc 3;2;58;GBKQU1879528;United Kingdom
Just Fucking;Mandragora;Disc 3;2;28;GBKQU1879529;United Kingdom
Dripping Walls;Mandragora;Disc 3;5;14;GBKQU1879530;United Kingdom
Toys - Mandragora Remix;Perplex;Disc 3;3;44;GBKQU1879531;United Kingdom
The First Mission;Mandragora;Future 2012;7;30;DEKC41800049;Germany
We Need Revolution;Mandragora;Future 2012;8;11;DEKC41800050;Germany
Illuminati Shit;Mandragora;Future 2012;6;28;DEKC41800051;Germany
Everyone Copies;Mandragora;Future 2012;8;04;DEKC41800052;Germany
Bad LSD Trip;Mandragora;Future 2012;5;55;DEKC41800053;Germany
NN02;Mandragora;Future 2012;3;53;DEKC41800054;Germany
Easy;Mandragora;Future 2012;8;25;DEKC41800055;Germany
Killing It;Mandragora;Future 2012;5;06;DEKC41800056;Germany
You Don't Know;Mandragora;Summer Futureprog Mixtape 2017;4;41;GBKQU1765375;United Kingdom
Don't Give Up;Mandragora;Summer Futureprog Mixtape 2017;3;48;GBKQU1765376;United Kingdom
Tell Me;Mandragora;Summer Futureprog Mixtape 2017;4;03;GBKQU1765377;United Kingdom
Pretty Baby;Mandragora;Summer Futureprog Mixtape 2017;4;58;GBKQU1765378;United Kingdom
Call It What You Want;Mandragora;Summer Futureprog Mixtape 2017;4;38;GBKQU1765379;United Kingdom
Issues;Mandragora;Summer Futureprog Mixtape 2017;4;05;GBKQU1765380;United Kingdom
Flow;Mandragora;Summer Futureprog Mixtape 2017;4;52;GBKQU1765381;United Kingdom
Believe;Mandragora;Summer Futureprog Mixtape 2017;5;10;GBKQU1765382;United Kingdom
Summer Futureprog Mixtape 2017 - Continuous DJ Mix;Mandragora;Summer Futureprog Mixtape 2017;36;15;GBKQU1765383;United Kingdom
